Customer ID,clv_1m,clv_12m
13694.0,4455.034271109314,48961.600832289514
14088.0,4380.812602342384,47946.1682287099
14096.0,11865.752460212634,126232.00112204344
15311.0,4087.435154149053,44927.47702607952
16000.0,7601.983761300006,77567.4883730543
16446.0,38867.09258113075,419387.3911125113
16684.0,4894.246872018744,53724.43283111728
17450.0,13518.91167428982,148518.18270429928
17511.0,6408.812959097107,70422.10725283515
18102.0,17959.41202870893,197303.71851854795
