segment,customer_count,avg_clv,avg_frequency,avg_monetary
D,643,274.7976167160021,3.001555209953344,181.91534195543528
C,642,720.1342946607455,4.095015576323988,263.098718914543
B,642,1285.313527018503,5.4392523364485985,356.6465139586503
A,643,4425.625867729324,11.267496111975117,786.802544943729
